﻿C.CAT調査結果.変異情報.マーカー,C.CAT調査結果.変異情報.アミノ酸変化,exon番号,EGFR_group,C.CAT調査結果.変異情報.クロモソーム番号,C.CAT調査結果.変異情報.物理位置,C.CAT調査結果.変異情報.リファレンス塩基,C.CAT調査結果.変異情報.塩基変化
EGFR,E709_T710delinsD,exon18,exon18,7,55173985,AAAC,A
EGFR,E709A,exon18,exon18,7,55173985,A,C
EGFR,E709G,exon18,exon18,7,55173985,A,G
EGFR,G719A,exon18,exon18,7,55174015,G,C
EGFR,G719C,exon18,exon18,7,55174014,G,T
EGFR,G719S,exon18,exon18,7,55174014,G,A
EGFR,G724S,exon18,exon18,7,55174029,G,A
EGFR,L718Q,exon18,exon18,7,55174012,T,A
EGFR,A743_I744insIKIPVA,exon19,exon19,7,55174768,T,TTAAAATTCCCGTCGCTAT
EGFR,D761_E762insEAFQ,exon19,exon19,7,55181287,C,CTCCAGGAAGCCT
EGFR,D761Y,exon19,exon19,7,55174818,G,T
EGFR,E746_A750del,exon19,exon19,7,55174771,AGGAATTAAGAGAAGC,A
EGFR,E746_A750del,exon19,exon19,7,55174772,GGAATTAAGAGAAGCA,G
EGFR,E746_P753delinsVS,exon19,exon19,7,55174774,AATTAAGAGAAGCAACATCTC,TCT
EGFR,E746_S752delinsC,exon19,exon19,7,55174773,GAATTAAGAGAAGCAACATC,TG
EGFR,E746_S752delinsV,exon19,exon19,7,55174774,AATTAAGAGAAGCAACATC,T
EGFR,E746_S752delinsV,exon19,exon19,7,55174774,AATTAAGAGAAGCAACATCT,TC
EGFR,E746_T751delinsA,exon19,exon19,7,55174773,GAATTAAGAGAAGCAA,G
EGFR,E746_T751delinsIP,exon19,exon19,7,55174772,GGAATTAAGAGAAGCAA,AATTC
EGFR,E746_T751delinsVA,exon19,exon19,7,55174774,AATTAAGAGAAGCAACA,TTGCT
EGFR,E758_I759delinsA,exon19,exon19,7,55174810,AAAT,C
EGFR,H773_V774insAH,exon19,exon19,7,55181329,G,GCCCACG
EGFR,L747_A750delinsP,exon19,exon19,7,55174776,TTAAGAGAAG,C
EGFR,L747_A755delinsSHD,exon19,exon19,7,55174776,TTAAGAGAAGCAACATCTCCGAAAGC,AGCCACGA
EGFR,L747_E749del,exon19,exon19,7,55174775,ATTAAGAGAA,A
EGFR,L747_P753delinsS,exon19,exon19,7,55174776,TTAAGAGAAGCAACATCTC,T
EGFR,L747_P753delinsS,exon19,exon19,7,55174775,ATTAAGAGAAGCAACATCTC,GT
EGFR,L747_S752del,exon19,exon19,7,55174775,ATTAAGAGAAGCAACATCT,A
EGFR,L747_S752delinsAK,exon19,exon19,7,55174776,TTAAGAGAAGCAACATCT,GCGAAG
EGFR,L747_S752delinsPH,exon19,exon19,7,55174776,TTAAGAGAAGCAACATC,CCACA
EGFR,L747_T751del,exon19,exon19,7,55174776,TTAAGAGAAGCAACAT,T
EGFR,L747_T751delinsP,exon19,exon19,7,55174776,TTAAGAGAAGCAA,C
EGFR,L747P,exon19,exon19,7,55174776,TT,CC
EGFR,L747S,exon19,exon19,7,55174777,T,C
EGFR,767_769dupASV,exon20,exon20,7,55181305,A,ATGGCCAGCG
EGFR,768_770dupSVD,exon20,exon20,7,55181309,C,CCAGCGTGGA
EGFR,771_773dupNPH,exon20,exon20,7,55181317,G,GACAACCCCC
EGFR,A750_E758delinsP,exon20,exon20,7,55174785,GCAACATCTCCGAAAGCCAACAAGGA,CC
EGFR,A763_Y764insFQEA,exon20,exon20,7,55181287,C,CTCCAGGAAGCCT
EGFR,A763_Y764insFQEA,exon20,exon20,7,55181299,T,TTCCAGGAAGCCT
EGFR,A767_S768insTVA,exon20,exon20,7,55181311,A,ACGGTGGCCA
EGFR,C797S,exon20,exon20,7,55181399,G,C
EGFR,C797S,exon20,exon20,7,55181399,GC,CT
EGFR,C797S,exon20,exon20,7,55181398,T,A
EGFR,D770_N771insGL,exon20,exon20,7,55181319,C,CGGGTTA
EGFR,D770_N771insND,exon20,exon20,7,55181322,C,CGACAAC
EGFR,D770_N771insSVD,exon20,exon20,7,55181320,A,AGCGTGGACA
EGFR,D770_N771insY,exon20,exon20,7,55181319,C,CTAC
EGFR,H773_V774insGTNPH,exon20,exon20,7,55181329,G,GGCACCAACCCCCACG
EGFR,H773_V774insVH,exon20,exon20,7,55181330,T,TCCACGT
EGFR,H773_V774insY,exon20,exon20,7,55181328,C,CTAC
EGFR,H773dup,exon20,exon20,7,55181328,C,CCAC
EGFR,H773L,exon20,exon20,7,55181327,A,T
EGFR,N771_P772insH,exon20,exon20,7,55181323,C,CACC
EGFR,N771_P772insT,exon20,exon20,7,55181322,C,CACC
EGFR,P772_H773insHA,exon20,exon20,7,55181323,C,CCCCACG
EGFR,P772_H773insHNP,exon20,exon20,7,55181328,C,CAACCCCCAC
EGFR,P772_H773insHP,exon20,exon20,7,55181328,C,CCCCCAC
EGFR,P772_H773insQ,exon20,exon20,7,55181328,C,ACAT
EGFR,S768I,exon20,exon20,7,55181312,G,T
EGFR,T751_E758del,exon20,exon20,7,55174786,CAACATCTCCGAAAGCCAACAAGGA,C
EGFR,T751_I759delinsS,exon20,exon20,7,55174789,CATCTCCGAAAGCCAACAAGGAAAT,G
EGFR,T790M,exon20,exon20,7,55181378,C,T
EGFR,V765M,exon20,exon20,7,55181302,G,A
EGFR,V769_D770insASV,exon20,exon20,7,55181317,G,GCCAGCGTGG
EGFR,V774M,exon20,exon20,7,55181329,G,A
EGFR,H835L,exon21,exon21,7,55191753,A,T
EGFR,L833V,exon21,exon21,7,55191746,T,G
EGFR,L858R,exon21,exon21,7,55191822,T,G
EGFR,L858R,exon21,exon21,7,55191821,CT,AG
EGFR,L858R,exon21,exon21,7,55191822,TG,GT
EGFR,L861Q,exon21,exon21,7,55191831,T,A
EGFR,L861R,exon21,exon21,7,55191831,T,G
EGFR,V834L,exon21,exon21,7,55191749,G,T
EGFR,V843I,exon21,exon21,7,55191776,G,A
EGFR,R108K,exon3,other,7,55143387,G,A
EGFR,R324L,exon8,other,7,55155911,G,T
EGFR,R521K,SNP？,other,7,55161562,G,A
EGFR,amplification,amplification,amplification,7,54970060-55255535,-,Amplification
EGFR,amplification,amplification,amplification,7,55019021-55208080,-,Amplification
EGFR,amplification,amplification,amplification,7,55143304-55255535,-,Amplification
EGFR,amplification,amplification,amplification,7,55154010-55255535,-,Amplification
EGFR,amplification,amplification,amplification,7,54970060-55198863,-,Amplification
EGFR,amplification,amplification,amplification,7,54970060-55218210,-,Amplification
EGFR,amplification,amplification,amplification,7,55019256-55205617,-,Amplification
EGFR,amplification,amplification,amplification,7,54970060-55233464,-,Amplification
EGFR,amplification,amplification,amplification,7,55146605-55255535,-,Amplification
EGFR,amplification,amplification,amplification,7,54988880-55255535,-,Amplification
EGFR,amplification,amplification,amplification,7,54970060-55201355,-,Amplification
EGFR,amplification,amplification,amplification,7,54970060-55241739,-,Amplification
EGFR,amplification,amplification,amplification,7,55019017-55211628,-,Amplification
EGFR,amplification,amplification,amplification,7,55151263-55255535,-,Amplification
EGFR,L62R,exon2,other,7,55142382,T,G
EGFR,G598V,exon15,other,7,55165350,G,T