﻿Gene_Ref,Gene_Alt
ABL1-BCR,ABL1
ADAMTS2-ALK,ALK
AGAP3-BRAF,BRAF
AGK-BRAF,BRAF
ALK-EML4,ALK
ALK-MEMO1,ALK
ALK-MYT1L,ALK
ALK-PMS1,ALK
ANKRD26P1-RET,RET
AZI2-RAF1,RAF1
BRAF-CADPS2,BRAF
BRAF-SND1,BRAF
BRD4-NOTCH3,NOTCH3
BRE-ALK,ALK
BUB1B-NOTCH1,NOTCH1
CCDC6-RET,RET
CD74-ROS1,ROS1
CDC42SE2-BRAF,BRAF
CEP44-ALK,ALK
CERT1-BRAF,BRAF
COL18A1-TMPRSS2,COL18A1
CREBL2-ETV6,ETV6
CSGALNACT2-RET,RET
CSMD3-FGFR1,FGFR1
CTNNA1-RAF1,RAF1
DCAF12-NTRK2,NTRK2
DCTN1-ALK,ALK
DENND2A-BRAF,BRAF
EEA1-RET,RET
EGFR-IGF2BP3,EGFR
EGFR-SEPT14,EGFR
EGFR-SEPTIN14,EGFR
EGFR-USP14,EGFR
EML4-ALK,ALK
ERG-IFNGR2,ERG
ERG-TMPRSS2,ERG
ESR1-AGAP1,ESR1
ESR1-NFKB1,ESR1
ETV6-NTRK3,NTRK3
EWSR1-ATF1,ATF1
EWSR1-FLI1,FLI1
EWSR1-WT1,WT1
EXOC4-BRAF,BRAF
EZR-ROS1,ROS1
FGFR1-LETM2,FGFR1
FGFR1-ZNF703,FGFR1
FGFR2-ATE1,FGFR2
FGFR2-CAT,FGFR2
FGFR2-CIT,FGFR2
FGFR2-CTNNA3,FGFR2
FGFR2-FOXP4,FGFR2
FGFR2-KIAA1598,FGFR2
FGFR2-SKIL,FGFR2
FGFR2-SLMAP,FGFR2
FGFR2-SORBS1,FGFR2
FGFR2-TACC2,FGFR2
FGFR2-ZMYND11,FGFR2
FGFR3-TACC3,FGFR3
GATM-BRAF,BRAF
GOPC-ROS1,ROS1
GP2-NTRK1,NTRK1
GSDMA-RARA,RARA
HNF1B-BRAF,BRAF
IGH-BCL2,BCL2
KCNH6-RARA,RARA
KCNH8-RAF1,RAF1
KDM7A-BRAF,BRAF
KIAA1549-BRAF,BRAF
KIF5B-RET,RET
KMT2A-VWA8,KMT2A
LDLR-ROS1,ROS1
LMNA-NTRK1,NTRK1
LTBP1-ALK,ALK
MKRN1-BRAF,BRAF
MKRN1-BRAF,BRAF
MYB-AHI1,AHI1
MYT1L-ALK,ALK
NCOA4-RET,RET
NOTCH1-SEC16A,NOTCH1
NOTCH3-BRD4,NOTCH3
NSD2-FGFR3,FGFR3
NSD3-FGFR1,FGFR1
NTRK1-LPPR1,NTRK1
NTRK2-FGF7,NTRK2
NTRK3-UNC13C,NTRK3
PACSIN2-BRAF,BRAF
PMEPA1-BRAF,BRAF
PRKN-FGFR2,FGFR2
RARA-CDC6,RARA
RARA-DEK,RARA
RARA-IKZF3,RARA
RARA-KCNH6,RARA
RARA-THRA,RARA
RARS-BRAF,BRAF
RET-NCOA4,RET
RET-RASGEF1A,RET
ROS1-CD74,ROS1
ROS1-IMPG1,ROS1
ROS1-SDC4,ROS1
SDC4-ROS1,ROS1
SEC16A-NOTCH1,NOTCH1
SECISBP2L-RAF1,RAF1
SLC34A2-ROS1,ROS1
SLC45A3-BRAF,BRAF
SLC4A4-BRAF,BRAF
SND1-BRAF,BRAF
SP100-ALK,ALK
SQSTM1-NTRK1,NTRK1
STRN-ALK,ALK
TACC3-FGFR3,FGFR3
TANC2-FGFR1,FGFR1
TMEM25-KMT2A,KMT2A
TMPRSS2-BRAF,BRAF
TMPRSS2-DSCAM,DSCAM
TMPRSS2-ERG,ERG
TMPRSS2-ETV1,ETV1
TMPRSS2-ETV4,ETV4
TMPRSS2-ETV5,ETV5
TNRC6B-EP300,EP300
TPM3-NTRK1,NTRK1
TPM3-ROS1,ROS1
TRIM24-BRAF,BRAF
TRIM24-RET,RET
TRIM44-BRAF,BRAF
WDR91-BRAF,BRAF
ZC3H7B-EP300,EP300
ZC3HAV1-BRAF,BRAF
ZKSCAN5-BRAF,BRAF
ZNF487-RET,RET
RARA-ABCA5,RARA
RARA-MED1,RARA
PDGFRA-LNX1,LNX1
ARHGEF11-NTRK1,NTRK1
C1orf226-NTRK1,NTRK1
EGFR-GRB2,EGFR
MAD1L1-ALK,ALK
NTRK1-SLC25A44,NTRK1
VCAN-RET,RET
SCFD2-PDGFRA,PDGFRA
PLEKHA8-BRAF,BRAF
MYB-FRMD7,MYB
QKI-RAF1,RAF1
ROCK2-ALK,ALK
VCL-ALK,ALK
ZMIZ1-RET,RET
PTPRZ1-MET,MET
MAP4-RAF1,RAF1
FLI1-EWSR1,EWSR1
FGFR2-SOGA1,FGFR2
EWSR1-PATZ1,PATZ1
CRB1-NTRK1,NTRK1
BCOR-EP300,EP300
CEP85L-ROS1,ROS1
ARHGEF2-NTRK1,NTRK1
EWSR1-CREB3L2,EWSR1
EEF1G-ROS1,ROS1
EWSR1-CREM,EWSR1
FGFR1-TACC1,FGFR1
CIC-DUX4,DUX4
ATIC-ALK,ALK
CEP85L-ROS1,ROS1